{
  "countries": [
    {
      "name": "Kenya",
      "counties": [
        {
          "name": "Mombasa",
          "subCounties": [
            "Changamwe",
            "Jomvu",
            "Kisauni",
            "Nyali",
            "Likoni",
            "Mvita"
          ]
        },
        {
          "name": "Kwale",
          "subCounties": [
            "Msambweni",
            "Lunga Lunga",
            "Matuga",
            "Kinango"
          ]
        },
        {
          "name": "Kilifi",
          "subCounties": [
            "Kilifi North",
            "Kilifi South",
            "Kaloleni",
            "Rabai",
            "Ganze",
            "Malindi",
            "Magarini"
          ]
        },
        {
          "name": "Tana River",
          "subCounties": [
            "Garsen",
            "Galole",
            "Bura"
          ]
        },
        {
          "name": "Lam",
          "subCounties": [
            "Lamu East",
            "Lamu West"
          ]
        },
        {
          "name": "Taita Taveta",
          "subCounties": [
            "Taveta",
            "Wundanyi",
            "Mwatate",
            "Voi"
          ]
        },
        {
          "name": "Garissa",
          "subCounties": [
            "Garissa Township",
            "Balambala",
            "Lagdera",
            "Dadaab",
            "Fafi",
            "Ijara"
          ]
        },
        {
          "name": "Wajir",
          "subCounties": [
            "Wajir North",
            "Wajir East",
            "Tarbaj",
            "Wajir West",
            "Eldas",
            "Wajir South"
          ]
        },
        {
          "name": "Mandera",
          "subCounties": [
            "Mandera West",
            "Banissa",
            "Mandera North",
            "Mandera South",
            "Mandera East",
            "Lafey"
          ]
        },
        {
          "name": "Marsabit",
          "subCounties": [
            "Moyale",
            "North Horr",
            "Saku",
            "Laisamis"
          ]
        },
        {
          "name": "Isiolo",
          "subCounties": [
            "Isiolo North",
            "Isiolo South"
          ]
        },
        {
          "name": "Meru",
          "subCounties": [
            "Igembe South",
            "Igembe Central",
            "Igembe North",
            "Tigania West",
            "Tigania East",
            "North Imenti",
            "Buuri",
            "Central Imenti",
            "South Imenti"
          ]
        },
        {
          "name": "Tharaka-Nithi",
          "subCounties": [
            "Maara",
            "Chuka/Igambang'ombe",
            "Tharaka"
          ]
        },
        {
          "name": "Embu",
          "subCounties": [
            "Manyatta",
            "Runyenjes",
            "Mbeere North",
            "Mbeere South"
          ]
        },
        {
          "name": "Kitui",
          "subCounties": [
            "Mwingi North",
            "Mwingi West",
            "Mwingi Central",
            "Kitui West",
            "Kitui Rural",
            "Kitui Central",
            "Kitui East",
            "Kitui South"
          ]
        },
        {
          "name": "Machakos",
          "subCounties": [
            "Masinga",
            "Yatta",
            "Kangundo",
            "Matungulu",
            "Kathiani",
            "Mavoko",
            "Machakos Town",
            "Mwala"
          ]
        },
        {
          "name": "Makueni",
          "subCounties": [
            "Mbooni",
            "Kilome",
            "Kaiti",
            "Makueni",
            "Kibwezi West",
            "Kibwezi East"
          ]
        },
        {
          "name": "Nyandarua",
          "subCounties": [
            "Kinangop",
            "Kipipiri",
            "Ol Kalou",
            "Ol Jorok",
            "Ndaragwa"
          ]
        },
        {
          "name": "Nyeri",
          "subCounties": [
            "Tetu",
            "Kieni",
            "Mathira",
            "Othaya",
            "Mukurweini",
            "Nyeri Town"
          ]
        },
        {
          "name": "Kirinyaga",
          "subCounties": [
            "Mwea",
            "Gichugu",
            "Ndia",
            "Kirinyaga Central"
          ]
        },
        {
          "name": "Murang'a",
          "subCounties": [
            "Kangema",
            "Mathioya",
            "Kiharu",
            "Kigumo",
            "Maragua",
            "Kandara",
            "Gatanga"
          ]
        },
        {
          "name": "Kiambu",
          "subCounties": [
            "Gatundu South",
            "Gatundu North",
            "Juja",
            "Thika Town",
            "Ruiru",
            "Githunguri",
            "Kiambu",
            "Kiambaa",
            "Kabete",
            "Kikuyu",
            "Limuru",
            "Lari"
          ]
        },
        {
          "name": "Turkana",
          "subCounties": [
            "Turkana North",
            "Turkana West",
            "Turkana Central",
            "Loima",
            "Turkana South",
            "Turkana East"
          ]
        },
        {
          "name": "West Pokot",
          "subCounties": [
            "Kapenguria",
            "Sigor",
            "Kacheliba",
            "Pokot South"
          ]
        },
        {
          "name": "Samburu",
          "subCounties": [
            "Samburu West",
            "Samburu North",
            "Samburu East"
          ]
        },
        {
          "name": "Trans Nzoia",
          "subCounties": [
            "Kwanza",
            "Endebess",
            "Saboti",
            "Kiminini",
            "Cherangany"
          ]
        },
        {
          "name": "Uasin Gishu",
          "subCounties": [
            "Soy",
            "Turbo",
            "Moiben",
            "Ainabkoi",
            "Kapseret",
            "Kesses"
          ]
        },
        {
          "name": "Elgeyo-Marakwet",
          "subCounties": [
            "Marakwet East",
            "Marakwet West",
            "Keiyo North",
            "Keiyo South"
          ]
        },
        {
          "name": "Nandi",
          "subCounties": [
            "Tinderet",
            "Aldai",
            "Nandi Hills",
            "Chesumei",
            "Emgwen",
            "Mosop"
          ]
        },
        {
          "name": "Baringo",
          "subCounties": [
            "Tiaty",
            "Baringo  North",
            "Baringo Central",
            "Baringo South",
            "Mogotio",
            "Eldama Ravine"
          ]
        },
        {
          "name": "Laikipia",
          "subCounties": [
            "Laikipia West",
            "Laikipia East",
            "Laikipia North"
          ]
        },
        {
          "name": "Nakuru",
          "subCounties": [
            "Molo",
            "Njoro",
            "Naivasha",
            "Gilgil",
            "Kuresoi South",
            "Kuresoi North",
            "Subukia",
            "Rongai",
            "Bahati",
            "Nakuru Town West",
            "Nakuru Town East"
          ]
        },
        {
          "name": "Narok",
          "subCounties": [
            "Kilgoris",
            "Emurua Dikirr",
            "Narok North",
            "Narok East",
            "Narok South",
            "Narok West"
          ]
        },
        {
          "name": "Kajiado",
          "subCounties": [
            "Kajiado North",
            "Kajiado Central",
            "Kajiado East",
            "Kajiado West",
            "Kajiado South"
          ]
        },
        {
          "name": "Kericho",
          "subCounties": [
            "Kipkelion East",
            "Kipkelion West",
            "Ainamoi",
            "Bureti",
            "Belgut",
            "Sigowet/Soin"
          ]
        },
        {
          "name": "Bomet",
          "subCounties": [
            "Sotik",
            "Chepalungu",
            "Bomet East",
            "Bomet Central",
            "Konoin"
          ]
        },
        {
          "name": "Kakamega",
          "subCounties": [
            "Lugari",
            "Likuyani",
            "Malava",
            "Lurambi",
            "Navakholo",
            "Mumias West",
            "Mumias East",
            "Matungu",
            "Butere",
            "Khwisero",
            "Shinyalu",
            "Ikolomani"
          ]
        },
        {
          "name": "Vihiga",
          "subCounties": [
            "Vihiga",
            "Sabatia",
            "Hamisi",
            "Luanda",
            "Emuhaya"
          ]
        },
        {
          "name": "Bungoma",
          "subCounties": [
            "Mt. Elgon",
            "Sirisia",
            "Kabuchai",
            "Bumula",
            "Kanduyi",
            "Webuye East",
            "Webuye West",
            "Kimilili",
            "Tongaren"
          ]
        },
        {
          "name": "Busia",
          "subCounties": [
            "Teso North",
            "Teso South",
            "Nambale",
            "Matayos",
            "Butula",
            "Funyula",
            "Budalangi"
          ]
        },
        {
          "name": "Siaya",
          "subCounties": [
            "Ugenya",
            "Ugunja",
            "Alego Usonga",
            "Gem",
            "Bondo",
            "Rarieda"
          ]
        },
        {
          "name": "Kisumu",
          "subCounties": [
            "Kisumu East",
            "Kisumu West",
            "Kisumu Central",
            "Seme",
            "Nyando",
            "Muhoroni",
            "Nyakach"
          ]
        },
        {
          "name": "Homa Bay",
          "subCounties": [
            "Kasipul",
            "Kabondo Kasipul",
            "Karachuonyo",
            "Rangwe",
            "Homa Bay Town",
            "Ndhiwa",
            "Suba North",
            "Suba South"
          ]
        },
        {
          "name": "Migori",
          "subCounties": [
            "Rongo",
            "Awendo",
            "Suna East",
            "Suna West",
            "Uriri",
            "Nyatike",
            "Kuria West",
            "Kuria East"
          ]
        },
        {
          "name": "Kisii",
          "subCounties": [
            "Bonchari",
            "South Mugirango",
            "Bomachoge Borabu",
            "Bobasi",
            "Bomachoge Chache",
            "Nyaribari Masaba",
            "Nyaribari Chache",
            "Kitutu Chache North",
            "Kitutu Chache South"
          ]
        },
        {
          "name": "Nyamira",
          "subCounties": [
            "Kitutu Masaba",
            "West Mugirango",
            "North Mugirango",
            "Borabu"
          ]
        },
        {
          "name": "Nairobi City",
          "subCounties": [
            "Westlands",
            "Dagoretti North",
            "Dagoretti South",
            "Langata",
            "Kibra",
            "Roysambu",
            "Kasarani",
            "Ruaraka",
            "Embakasi South",
            "Embakasi North",
            "Embakasi Central",
            "Embakasi East",
            "Embakasi West",
            "Makadara",
            "Kamukunji",
            "Starehe",
            "Mathare"
          ]
        }
      ]
    },
    {
       "name": "Uganda",
       "counties": []
    },
    {
       "name": "Tanzania",
       "counties": []
    }
  ]
}
